,design,n,mpnn,plddt,ptm,pae,rmsd,seq
0,0,0,1.1449917147367465,0.914303183555603,0.737604022026062,3.6668978333473206,0.9613439440727234,SEEEWEELSEEERELVEEFAERYLELLEESEDEEKAEEEALEEFREELKELGYSEELTEKLIRLVLERVEEERKEKEEAA
1,0,1,1.1373432913304757,0.8740985989570618,0.6683715581893921,5.4136404395103455,0.6635020971298218,MEEELAELSEEERELVEKFTKELLEKLEKSEDKEKALKEFIEELEKRLKELGYSEEKRERIIKLVLEKVEEELKRKKEEE
2,0,2,1.139983189056622,0.8967465758323669,0.7059359550476074,4.482798755168915,0.7361097931861877,SEEEWEKLSPEEREIVEKATEKLIELLKKSKDKEKALEESLKEFREELKKLGYSEELTEKLIELVLEKVKKILEEEEKEK
3,0,3,1.1655647091973207,0.9155598282814026,0.7568995356559753,3.4940543174743652,0.7098848819732666,SEERWARLSPEARALVDRFTERYLRRLEQSEDEEAARAEMRAEFEAELAALGYSPELRAELIALVEERVEEELERRRAEE
4,0,4,1.1127889248082825,0.8984913229942322,0.7195009589195251,4.0630860179662704,0.8018996715545654,SEEELAKFSEEEREIIEEFTEEFLERLEEEEDEEEAIEEMLEEFRERLKELGYSEELIEKMIEIVLERVEEELEEEEEEA
5,0,5,1.138252176854039,0.880211353302002,0.6558972001075745,5.345156118273735,0.8137907385826111,MEEELAKLSPEERELVEKFTKKLLERLKKEKDKEKALKESLEEFRKELKELGYSEELQEKLIELVLERVEKELEEEEKKK
6,0,6,1.1484994805844977,0.8525543212890625,0.6418168544769287,6.291329458355904,1.5810962915420532,MEEELKKLSEEVRKFVEEKAEELLKYLKESEDKEKAIKEFLEKLEKELKELGYSEELREKIIKLVLERVEEELEKEKEEE
7,0,7,1.0935436296772465,0.8988344073295593,0.7007231712341309,4.288191124796867,0.6880048513412476,SEEEWEKLSEEERKIVEEFTEKYLKKLKESKDKEKAKKEMLEEFDKELKELGYSEELREKLIKLVLERVEEELKKEEEEA
